issue_type,score,num_issues
label,0.9090909090909091,11
near_duplicate,0.24645864493071362,8
outlier,0.32933380816554325,7
